experiment,262,pFH
180716,37.49829333,136.27888
220716,56.58368,97.38
250716,142.4164267,247.5835733
280716,68.45013333,85.38896