experiment,262,pFH
180716,1.562428889,5.678286667
220716,2.357653333,4.0575
250716,5.934017778,10.31598222
280716,2.852088889,3.557873333