Enzyme,Psite,Reaction,flux (delta),phospho (logfc),flux (KO),flux (WT),in_proteomics,in_transcriptomics
PGK1,PGK1_S203,R_PGK,-2.03778786667,-0.40163807076,-2.83806726967,-0.800279402996,1,1
PDHA1,PDHA1_S232,R_PDHm,-0.380220179359,0.524150048947,0.0,0.380220179359,0,1
BCKDHA,BCKDHA_S337,R_r1154,0.190813778866,0.733178119726,0.190813778866,0.0,0,0
BCKDHA,BCKDHA_S347,R_r1154,0.190813778866,0.413653308466,0.190813778866,0.0,0,0
GAPDH,GAPDH_S83,R_GAPD,2.03778786667,-0.934351944791,2.83806726967,0.800279402996,1,1
